epoch,loss,acc,lr
1,1.5061861295862016,0.01953627209268779,0.0001
2,1.3594338703284041,0.03486430992225559,0.0001
