epoch,loss,acc,lr
1,0.5565127602036115,0.003030305400897324,0.001
2,0.5098509303006724,0.003151477326308352,0.001
3,0.4889859141166163,0.0029372019873494244,0.001
