epoch,loss,acc,lr
1,1.7366791074824768,0.0070224308508921056,0.0004
2,1.6211668380293247,0.013592543360915473,0.0004
3,1.5028625556988167,0.013871043940396295,0.0004
4,1.3328637216528691,0.01925060771885588,0.0004
5,1.2115109224361649,0.0340528794360493,0.0004
6,1.1379521030431456,0.07061602842558307,0.0004
7,1.0961999548461474,0.07490912811182565,0.0004
8,1.0709280845603757,0.10180006766587694,0.0004
9,1.0439131837347944,0.11640127868633712,0.0004
