epoch,loss,acc,lr
1,1.2938954395829865,0.012689551737855355,0.0001
2,1.1573571647116574,0.09436756892122856,0.0001
3,1.098915752505038,0.3416467023120369,0.0001
4,1.0610982995886225,0.31944837012085336,0.0001
