epoch,loss,acc,lr
1,1.2636142469422533,0.01725144080405015,0.0001
2,1.1997359651950703,0.03114523768577158,0.0001
3,1.184516663865817,0.03309560093484952,0.0001
4,1.1645979434568292,0.08107415445793939,0.0001
